{"cameraMode":{"drawMode":0,"name":"Shaded","section":"Shading Mode"},"sceneLighting":false,"audioPlay":false,"sceneViewState":{"showFog":false,"showMaterialUpdate":false,"showSkybox":false,"showFlares":false,"showImageEffects":false,"showParticleSystems":false},"in2DMode":false,"pivot":{"x":-0.6866906881332398,"y":-4.768016815185547,"z":-0.35129618644714358},"rotation":{"x":-0.05163918435573578,"y":0.9358434677124023,"z":-0.15468628704547883,"w":-0.31241437792778017},"size":3.8217360973358156,"orthographic":false}