{"cameraMode":{"drawMode":0,"name":"Shaded","section":"Shading Mode"},"sceneLighting":false,"audioPlay":false,"sceneViewState":{"showFog":false,"showMaterialUpdate":false,"showSkybox":false,"showFlares":false,"showImageEffects":false,"showParticleSystems":false},"in2DMode":false,"pivot":{"x":-1.4643168449401856,"y":-0.08545875549316406,"z":92.4324951171875},"rotation":{"x":-0.030304545536637307,"y":-0.005400564055889845,"z":0.00016369849618058652,"w":-0.9995265603065491},"size":3.515700101852417,"orthographic":false}