{"cameraMode":{"drawMode":0,"name":"Shaded","section":"Shading Mode"},"sceneLighting":false,"audioPlay":false,"sceneViewState":{"showFog":false,"showMaterialUpdate":false,"showSkybox":false,"showFlares":false,"showImageEffects":false,"showParticleSystems":false},"in2DMode":false,"pivot":{"x":0.028815746307373048,"y":-0.21089380979537965,"z":-1.0307642221450806},"rotation":{"x":-0.09466952830553055,"y":0.7841616868972778,"z":-0.12358015030622482,"w":-0.6007131934165955},"size":2.362199306488037,"orthographic":false}